<?xml version="1.0" encoding="UTF-8"?>
<!-- vim:fdl=1:
-->
<templates id="widget_template" xml:space="preserve">
<!--selection radio-->
<t t-name="FieldRadio2">
    <span t-attf-class="oe_form_field oe_form_field_radio" t-att-style="widget.node.attrs.style">
        <span t-if="!widget.get('effective_readonly')">
            <t t-if="widget.options.horizontal">
                <t t-set="width" t-value="Math.floor(100 / widget.selection.length)"/>
                <t t-if="!widget.options.no_radiolabel">
                    <t t-foreach="widget.selection" t-as="selection">
                        <div t-att-style="'display:inline;padding-right:20px;'">
                            <span class="oe_radio_input" t-att-style="'padding-right:10px;'"><input type="radio" t-att-name="widget.uniqueId" t-att-id="widget.uniqueId + '_' + selection[0]" t-att-value="selection[0]"/></span><label t-att-for="widget.uniqueId + '_' + selection[0]"><t t-esc="selection[1]"/></label>
                        </div>
                        
                    </t>
                    <br/>
                </t>
            </t>
            <t t-if="!widget.options.horizontal">
                <t t-foreach="widget.selection" t-as="selection">
                    <div>
                        <span class="oe_radio_input"><input type="radio" t-att-id="widget.uniqueId + '_' + selection[0]" t-att-name="widget.uniqueId" t-att-value="selection[0]"/></span><label t-if="!widget.options.no_radiolabel" t-att-for="widget.uniqueId + '_' + selection[0]"><t t-esc="selection[1]"/></label>
                    </div>
                </t>
            </t>
        </span>
        <span t-if="widget.get('effective_readonly')" class="oe_radio_readonly"><t t-esc="widget.get('value')[1]"/></span>
    </span>
</t>
<!--many2many扩展-->
<t t-name="FieldMany2many2">
    <!--edit-->
    <t t-if="!widget.get('effective_readonly')">
        <t t-foreach="widget.get('records')" t-as="record">
            <span>
                <label>
                    <t t-if="selected[record[0]]">
                        <input type="checkbox" t-att-data-record-id="JSON.stringify(record[0])" checked="true"
                               class="many2many-input" style="display:none;"/>
                    </t>
                    <t t-if="! selected[record[0]]">
                        <input type="checkbox" t-att-data-record-id="JSON.stringify(record[0])"
                               class="many2many-input" style="display:none;"/>
                    </t>
                    <span>
                        <t t-esc="record[1]"/>
                    </span>
                </label>
            </span>
        </t>
    </t>
    <!--readonly-->
    <t t-if="widget.get('effective_readonly')">
        <t t-foreach="widget.get('records')" t-as="record">
            <span>
                <label>
                    <t t-if="selected[record[0]]">
                        <input type="checkbox" t-att-data-record-id="JSON.stringify(record[0])" checked="true"
                               class="many2many-input" style="display:none;"/>
                    </t>
                    <t t-if="! selected[record[0]]">
                        <input type="checkbox" t-att-data-record-id="JSON.stringify(record[0])"
                               class="many2many-input" style="display:none;"/>
                    </t>
                    <span t-if="selected[record[0]]">
                        <t t-esc="record[1]"/>
                    </span>
                </label>
            </span>
        </t>
    </t>
</t>

<!--many2one扩展-->
<t t-name="FieldMany2One">
    <span class="oe_form_field oe_form_field_many2one oe_form_field_with_button" t-att-style="widget.node.attrs.style">
        <!--readonly-->
        <t t-if="widget.get('effective_readonly')">
            <a t-if="! widget.options.no_open" href="#" class="oe_form_uri"/>
            <span t-if="widget.options.no_open" href="#" class="oe_form_uri"/>
            <span class="oe_form_m2o_follow"/>
        </t>
        <!-- edit-->
        <t t-if="!widget.get('effective_readonly')">
            <a t-if="! widget.options.no_open" href="#" tabindex="-1"
                class="oe_m2o_cm_button oe_e" draggable="false">/</a>
            <div>
                <input type="text"
                    t-att-id="widget.id_for_label"
                    t-att-tabindex="widget.node.attrs.tabindex"
                    t-att-autofocus="widget.node.attrs.autofocus"
                    t-att-placeholder="widget.node.attrs.placeholder"
                />
                <span t-if="widget.options.is_search" class="oe_m2o_drop_down_button">
                    <img t-att-src='_s + "/widget_extend/static/src/imgs/search.png"' draggable="false"/>
                </span>
                <span t-if="! widget.options.is_search" class="oe_m2o_drop_down_button">
                    <img t-att-src='_s + "/web/static/src/img/down-arrow.png"' draggable="false"/>
                </span>
            </div>
        </t>
    </span>
</t>

    <t t-name="Many2oneTags">
        <style type="text/css">
            .category-wrap {padding:0px; margin-bottom:10px; }
            .category-wrap .category {font-weight:bold;}
            .category-ul {margin-left: -40px;  margin-bottom:0px;}
            .category-ul li {
                list-style-type: none;
                float: left;
                margin-right: 10px;
                border: 1px solid #ccc;
                padding-left:10px;
                padding-right:10px;
                margin-bottom:10px;
                cursor: pointer;
                border-radius: 3px;
                -webkit-box-shadow:2px 2px 2px #444;
            }
            .select-style {
                background-color: #DFDFDF;
            }

        </style>
       <div class="category-wrap">
           <ul class="category-ul">
           </ul>
       </div>
    </t>

    <t t-name="CharColor">
        <span t-att-class="'oe_form_field_char_color'" t-att-style="widget.node.attrs.style">
            <t t-if="!widget.get('effective_readonly')">
                <input class="color" value="#FFFFFF"
                    t-att-id="widget.id_for_label"
                    t-att-tabindex="widget.node.attrs.tabindex"
                    t-att-autofocus="widget.node.attrs.autofocus"
                    t-att-placeholder="widget.node.attrs.placeholder"
                /><img class="oe_field_translate oe_input_icon" t-if="widget.field.translate" t-att-src='_s + "/web/static/src/img/icons/terp-translate.png"' width="16" height="16" border="0"/>
            </t>
            <t t-if="widget.get('effective_readonly')">
                <span class="oe_form_char_color_content"></span>
            </t>
        </span>

    </t>
</templates>